code_number,pdf_path,two_worlds_verdict,two_worlds_confidence,two_worlds_e_full,two_worlds_e_abstract,two_worlds_e_chunk,adaptors_verdict,adaptors_confidence,adaptors_e_full,adaptors_e_abstract,adaptors_e_chunk,arbitrariness_verdict,arbitrariness_confidence,arbitrariness_e_full,arbitrariness_e_abstract,arbitrariness_e_chunk
4,10.1631_jzus.B1400076.pdf,not_met,1.0,-0.08148756959973372,-0.0880555276069341,-0.08826235465102603,not_met,1.0,-0.011879823234047071,0.03342961765935361,0.032435054367866596,not_met,1.0,0.04251329409684907,0.049294600234103744,0.052810930292101876
15,10.1371_journal.pbio.0060154.pdf,not_met,1.0,-0.004766810158503903,-0.06469534812040309,-0.004766810158503903,not_met,1.0,-0.04644901961384926,-0.02363925947645968,-0.04644901961384926,not_met,1.0,-0.05098561563019717,-0.037836315704203906,-0.05098561563019717
15,cshperspectives.cshlp.org_content_12_5_a036343.long.pdf,not_met,1.0,-0.006751375166925557,-0.016367297696076567,-0.0025910097218045554,met,1.0,0.061846446804528006,0.045110031060507476,0.07197582256767525,not_met,1.0,-0.00691102094251937,0.013821398010081495,-0.02345780791882097
19,10.7554_eLife.110152.pdf,not_met,1.0,-0.027516665359070686,-0.018025595581939127,-0.003385848581108809,not_met,1.0,-0.05678259664920415,-0.05522475349403407,-0.030559438898145296,not_met,1.0,-0.08025112958771097,-0.08691522552214129,-0.06431645719247031
20,10.3389_fcell.2026.1762891.pdf,not_met,1.0,-0.022106686330765513,-0.010457706907224865,-7.405768056626197e-05,met,1.0,0.03018903798882417,0.0664010522140221,0.03266723722273225,not_met,1.0,-0.06187220475992819,-0.05514575349601045,-0.034506172383309885
21,10.1007_s00441-015-2202-z.pdf,not_met,1.0,-0.033731067772319094,-0.00532169236433677,-0.022258251950209175,not_met,1.0,0.004798460754784083,0.01064513487514937,0.011277573889794416,not_met,1.0,0.03662041147227235,0.06173010099526744,0.02886112588154581
21,10.1177_2331216518784822.pdf,not_met,1.0,0.024543295991992266,0.043766285740162864,0.02790398232488353,not_met,1.0,-0.002147962476578548,-0.0017226876871276617,0.009103969332403284,not_met,1.0,-0.018629084548375786,-0.021615987733300618,0.03114618242650204
21,10.1371_journal.pcbi.1003336.pdf,not_met,1.0,0.07486736505608986,0.06094006777308391,0.0891657475111534,met,0.66,-0.0016520202985202954,-0.006084635649029128,-0.0037347838408592227,not_met,1.0,0.027826514266387367,0.05483872219572951,0.033391618505612834
21,10.1371_journal.pone.0007600.pdf,not_met,1.0,0.060640646414050925,0.08863543658988,0.061772732067081004,met,1.0,0.028665629578889268,0.014007281857455409,0.050342631821140335,not_met,1.0,0.023795929527981305,0.014873578212614553,0.030857150168111053
21,10.1371_journal.pone.0085017.pdf,met,1.0,0.07155266249797877,0.10526338413811581,0.07822054815911222,met,1.0,0.028100414495893865,0.03203964726997242,0.02971164790249556,not_met,1.0,0.05139949033672322,0.06552171246902899,0.048317144839038054
21,10.3389_fphys.2014.00140_full.pdf,not_met,1.0,0.04013840786200561,0.04101502135562862,0.05694499089799154,not_met,1.0,-0.05423746359148582,-0.06323756043972084,-0.00837903019281809,not_met,1.0,0.04229682095481615,0.044366321783010906,0.05053895869139875
21,10.3389_fpsyt.2020.557932_full.pdf,not_met,1.0,0.0335179890743162,0.022512768045871878,0.04034370754414634,not_met,1.0,0.01905977156023197,0.022017812763316845,0.03391401031418849,not_met,1.0,0.0018665054348982243,0.0031304538568719216,0.006814564511464157
21,10.3389_neuro.10.003.2008_full.pdf,not_met,1.0,0.059821438404830125,0.03528334387739688,0.08567356594684866,not_met,1.0,0.03564111821378982,0.045578490376919786,0.03784957364100154,not_met,1.0,0.038624938323221066,0.059643948138456554,0.06162602920518376
21,www.eneuro.org_content_4_3_ENEURO.0144-17.2017.long.pdf,not_met,1.0,0.09249871743933095,0.09147076888219648,0.09298811056781633,not_met,1.0,0.021819691103054976,0.025986533281622218,0.027378438704562247,not_met,1.0,-0.05844250816301567,-0.050163551555862815,-0.03251184677524563
21,www.jneurosci.org_content_27_6_1479.long.pdf,not_met,1.0,0.014630258875910858,0.017710289840999642,0.01590355948484722,not_met,1.0,0.05008469029500873,0.04578710423879342,0.048277094270933664,not_met,1.0,0.009691603056546724,0.01609932972573804,0.006157659929969941
21,www.jneurosci.org_content_41_36_7561.long.pdf,not_met,1.0,0.02895598258167953,0.03469030594745276,0.05734130664944967,not_met,1.0,-0.008077516220112782,0.004616574620574729,0.005158683068298744,not_met,1.0,0.047794276284996,0.04508462006640591,0.05662209627545726
24,www.jneurosci.org_content_35_6_2596.long.pdf,not_met,1.0,0.008170476717628657,0.004557994185344402,0.04090715521403287,met,1.0,0.04107759827025807,0.06315650612473467,0.051362570576974485,not_met,1.0,-0.03712179979484698,-0.06730367702044146,-0.020242532092085336
29,10.1371_journal.pcbi.1004294.pdf,not_met,1.0,0.0802085061413147,0.06452051029661479,0.10605343658386635,met,0.66,-0.007422599634739356,0.008120264265897553,-0.0011277064803211032,not_met,1.0,0.0035073592788414983,0.025733813243329264,0.027783998643908354
29,www.nature.com_articles_s42003-022-04098-x.pdf,not_met,1.0,0.10207554247611635,0.10204016043276057,0.09188520308366922,met,1.0,-9.36799318172303e-05,0.0027038486570737756,0.020139604626583478,not_met,1.0,-0.033352878191604866,-0.016271940383144032,-0.02245813097857724
34,10.1093_molbev_msy060.pdf,not_met,1.0,-0.020129886124187167,-0.0303856058750687,0.017606058641048805,not_met,1.0,-0.05198704428724982,-0.050638389350632425,-0.05328432337868669,not_met,1.0,-0.03321280895785671,-0.029480513068635666,-0.03733193120687882
42,erc.bioscientifica.com_view_journals_erc_20_3_R65.xml.pdf,not_met,1.0,-0.025398538284609105,-0.02685394138139067,-0.012497785537483357,not_met,1.0,0.006914434215992044,0.00027134366974585454,0.02524013380483052,not_met,1.0,-0.008682647537827378,-0.014570156735482972,0.005151909878664762
44,10.1186_s13046-025-03569-3.pdf,not_met,1.0,-0.02569349755984603,-0.009728676882576823,-0.0035128374716711583,not_met,1.0,0.024450115434832137,0.03266155650514672,0.026471796102465743,not_met,1.0,-0.08518681377455606,-0.07392701607254856,-0.08139299780268895
52,10.1007_s10577-012-9293-0.pdf,not_met,1.0,-0.0680824240481493,-0.06753785087690367,-0.0634246972309382,not_met,1.0,0.009971780423531916,0.014304721106192261,0.019148499550109832,not_met,1.0,0.007664923647659239,0.02955788588157008,0.008437836883069722
61,rnajournal.cshlp.org_content_25_12_1714.long.pdf,not_met,1.0,-0.053289461539984935,-0.048612785401154227,-0.047611818559281316,met,1.0,0.026073461308115775,0.022372053565902383,0.023839607376890667,not_met,1.0,0.03856505133948463,0.08308690606007285,0.045664035290172884
62,10.1016_j.molcel.2022.12.032.pdf,not_met,1.0,-0.013302278157490683,-0.03969516717560168,-0.0029359542028343,met,1.0,0.0036985109404780985,0.03703688691173726,0.019879618098485,not_met,1.0,0.015746149913202626,0.013471546172929642,0.03374024785611589
62,10.1371_journal.pgen.1003904.pdf,not_met,1.0,0.015838536237790378,0.017828205814656467,0.025821307101579413,met,1.0,-0.007067481956151475,-0.010574057708551441,-0.007683232982393274,not_met,1.0,0.05525301558042231,0.05790096575635198,0.05297548648927453
62,10.3389_fcell.2020.569601_full.pdf,not_met,1.0,-0.028003297597441676,-0.009301924868284843,-0.009372401311008714,not_met,1.0,0.00924296547597643,0.017195280939108645,0.014177263708875796,not_met,1.0,-0.024789197633670414,-0.008125564707345167,-0.006554936801335861
62,10.4238_3x4qm566.pdf,not_met,1.0,0.012358953130263717,0.01067647444347228,0.01842360367117726,met,1.0,-0.003437008167496855,-0.020745551607700922,0.008243463462254338,not_met,1.0,0.05707636928944472,0.04164135868689011,0.07542029549559023
70,10.1038_s41467-018-06185-2.pdf,not_met,1.0,-0.06984903021249199,-0.0636087169694573,-0.03381395432268362,not_met,1.0,-0.008339126703985416,0.005909643265400415,-0.012322221516758857,not_met,1.0,-0.0749035783867481,-0.07953764630011846,-0.06761882841983863
70,10.1038_s41467-024-54046-y.pdf,not_met,1.0,-0.11479524622225017,-0.11892076146120026,-0.07922708921364077,not_met,1.0,0.0417276889219824,0.01896809451415079,0.05690353910387122,not_met,1.0,-0.10188365574104327,-0.09487834497378544,-0.1108667318842287
78,10.1371_journal.pone.0022026.pdf,not_met,1.0,0.0011474412889595255,0.002813443652083466,0.02118243140456368,met,0.66,-0.051657998398936984,-0.055745362941749727,-0.0242204659730665,not_met,1.0,0.009555758249379027,0.0033160997755801724,0.003945131179520434
85,hrcak.srce.hr_112197.pdf,met,1.0,-0.003210945263410799,0.0010900041180968733,-0.004047783216185466,not_met,1.0,0.0282225133353141,0.04447971249706047,0.0455755076570922,not_met,1.0,0.08167281443083832,0.08203601652828524,0.08712149013604242
88,10.1038_s41590-023-01722-8.pdf,not_met,1.0,0.003288508627879806,0.014054610667691033,0.0083474032185199,not_met,1.0,-0.007046726553268368,0.0029318192301879564,0.01423942995821908,not_met,1.0,-0.06275306638495919,-0.04888690880138582,-0.032914187101289245
88,10.1038_s42003-026-09853-y.pdf,not_met,1.0,-0.012043651057881959,-0.013618802612885735,-0.012176792062358121,not_met,1.0,0.03244813705160712,0.04185835925178463,0.06635015237123196,not_met,1.0,-0.045843094146767724,-0.06944100813250943,-0.01516922576007665
88,10.21203_rs.3.rs-7346391_v1.pdf,not_met,1.0,-0.02803239171280346,0.0023901596267075654,-0.012367963342896676,not_met,1.0,0.03772580278779805,0.051883879005952316,0.06484584270587927,not_met,1.0,-0.05548805291934039,-0.05542360269827569,-0.023241032048483427
88,10.3389_fimmu.2014.00073_full.pdf,not_met,1.0,-0.010673466039130395,0.027346576856965073,-0.007499666984952158,not_met,1.0,-0.004838726072346013,-0.007095545190884283,0.02163691284056594,not_met,1.0,0.004516877121162305,-0.013518757062267562,0.008142469099862517
102,10.1038_s41598-026-44532-2.pdf,not_met,1.0,-0.004415743878071967,0.014763293914901197,0.002911495506016311,not_met,1.0,-0.060361065725308465,-0.07461867599410003,-0.05269148867873142,not_met,1.0,-0.11555248377473863,-0.10758165255145574,-0.11749078270566718
103,10.1038_s41467-020-16722-7.pdf,not_met,1.0,-0.03407779987156974,-0.027441342377253604,-0.02227911922067288,not_met,1.0,0.00779355033407517,0.007668141470648057,0.016589170185238842,not_met,1.0,-0.016461284948097236,-0.012680770535318457,-0.026284046849977295
112,10.1038_emboj.2011.266.pdf,not_met,1.0,-0.03910318767556284,-0.02930264261316547,-0.013186105851929222,met,1.0,-0.003303838487581326,0.011683689535901435,0.012709867905705677,not_met,1.0,-0.07019592899549695,-0.08152413682507693,-0.04352547122044444
114,10.1007_s42994-023-00101-z.pdf,not_met,1.0,-0.029470362889402007,-0.02540379640013302,-0.024281368355971236,not_met,1.0,-0.03568978490478922,-0.011444950099633925,-0.018465922722736013,not_met,1.0,0.006406611407060489,0.007635737084718444,0.005204278664290206
114,10.15430_JCP.2017.22.4.211.pdf,met,0.66,-0.023870797697140417,-0.00882149344120289,-0.023870797697140417,not_met,1.0,0.013430254209012022,0.010007048204316532,0.013430254209012022,not_met,1.0,0.0012858037845375125,0.0016865985535029588,0.0012858037845375125
117,10.1186_s13059-025-03808-y.pdf,not_met,1.0,-0.006277776699439259,0.015707373193294568,-0.0018448153019584735,not_met,1.0,0.030369292746257246,0.031737346296194464,0.04942687471718051,not_met,1.0,-0.057609591396915204,-0.03956386530687375,-0.034834344171105716
117,www.nature.com_articles_s41467-024-45295-y.pdf,not_met,1.0,-0.05514710831951497,-0.02812641204437024,-0.04016277387284885,met,0.66,0.011016474437009849,0.01804380310738143,0.04290764241876028,not_met,1.0,-0.015381935466457069,-0.00016620972164155257,-0.007132761657815833
139,10.1186_1745-6150-6-14.pdf,not_met,1.0,-0.016723438764431747,-0.007297497628159161,0.005933012182568923,met,1.0,-0.026945961083957668,-0.029455055817420406,-0.01084857221797836,not_met,1.0,-0.021506989885128787,-0.01671939532418324,0.013421927963802134
140,10.1038_s41467-023-40529-x.pdf,met,1.0,0.033043852430516225,0.031290015755725584,0.03329661704715554,met,1.0,-0.04801624131187103,-0.029709545275012118,-0.03440754972714229,not_met,1.0,0.06899926625468344,0.061954893665798136,0.07673103891263142
140,10.2533_chimia.2024.22.pdf,not_met,1.0,-0.006568702477099278,0.005074370787030499,-0.003624785545719894,met,1.0,-0.050625084457196115,-0.05174705453140087,-0.029326034234842504,not_met,1.0,0.03875971647680222,0.038649155315602736,0.049096978707796765
140,10.3389_fgene.2024.1373250.pdf,not_met,0.66,-0.003382684958223377,-0.013833553805975687,-0.002042084994949238,met,1.0,-0.026730800418614385,-0.019193922477883364,0.0006176740268410328,not_met,1.0,-0.0037840542553525328,0.03537109852397698,0.012473680810804652
141,10.1002_j.1460-2075.1996.tb00581.x.pdf,not_met,1.0,0.009901163825494597,0.008494556546352356,0.009876896821916406,not_met,1.0,-0.001982271691238325,0.007605450831743695,-0.0017901302294081765,not_met,1.0,0.07796142063831396,0.09376388394407024,0.07030095992663857
141,10.1016_j.febslet.2009.11.066.pdf,met,1.0,-0.022057651631431224,-0.0343798816727562,-0.01604975620409493,met,1.0,0.014563931545737875,0.0033009325934227696,0.027386548935656386,met,1.0,0.09430158160467955,0.14735905661237916,0.09679986451974278
141,10.1038_nrmicro3073.pdf,not_met,1.0,0.006713337470559508,0.005008232901873066,0.006713337470559508,not_met,1.0,0.022811388876789775,0.022032617956779445,0.022811388876789775,not_met,1.0,0.09577643008571998,0.09232073202653446,0.09577643008571998
141,10.1073_pnas.1302094110.pdf,met,1.0,-0.005715570635140445,-0.0014895686733771146,-0.002557969819778969,met,1.0,0.014637510785415636,0.02180621611033631,0.03378552252077613,met,1.0,0.08485921449059346,0.07868866111901313,0.0824634237086915
141,10.1186_1471-2148-10-327.pdf,not_met,1.0,0.0024226612167536563,0.005020264112414858,-0.0020730046142815456,met,1.0,0.014724907336979731,0.036986875561246094,0.013789351581801204,not_met,1.0,0.08739696387549856,0.09830154503774882,0.09225698093970389
144,10.1038_s41598-022-06723-5.pdf,not_met,1.0,-0.03217389368283201,-0.030928913240052196,-0.017412055193341314,not_met,1.0,-0.025768467639694682,-0.023760574840935217,-0.01355738108443855,not_met,1.0,0.08507795469885761,0.07387386288403111,0.0836160244472965
145,www.nature.com_articles_550190a.pdf,not_met,1.0,0.02259991901715833,0.01719475378921595,0.02259991901715833,not_met,1.0,0.0020047533537729187,-0.01036961040201179,0.0020047533537729187,not_met,1.0,-0.013220850981248632,-0.0014333922516497708,-0.013220850981248632
145,www.nature.com_articles_s41598-022-06723-5.pdf,not_met,1.0,-0.03217389368283201,-0.030928913240052196,-0.017412055193341314,not_met,1.0,-0.025768467639694682,-0.023760574840935217,-0.01355738108443855,not_met,1.0,0.08507795469885761,0.07387386288403111,0.0836160244472965
147,10.1387_ijdb.230220lg.pdf,not_met,1.0,-0.018190301654216937,-0.02720262255328184,0.009281390125757594,met,1.0,-0.010630546774583935,0.0012538578548444371,-0.007102753570743733,not_met,1.0,0.011274799208209566,0.005227919847870188,0.004703899438794909
149,10.3389_fimmu.2023.1120434_full.pdf,not_met,1.0,0.032813613477272144,0.04293022098715328,0.03749037744995723,met,1.0,0.008043157891290155,0.007686144725178919,0.01976516107437336,not_met,1.0,-0.02526192411467685,-0.021116216834371662,-0.020720587947338085
150,10.20892_j.issn.2095-3941.2024.0408.pdf,not_met,1.0,0.00057277306251227,0.017844250598521336,0.00057277306251227,not_met,1.0,-0.003691059052609036,0.00848528989794694,-0.003691059052609036,not_met,1.0,-0.05252834055134602,-0.046111926500462704,-0.05252834055134602
161,10.1038_s41562-023-01706-6.pdf,met,1.0,-0.03662773507602758,-0.03778620205614361,-0.011907317622897706,met,1.0,0.03179295970921845,0.044805055627182316,0.037938518567953286,not_met,1.0,0.047730967369117805,0.047692381727631065,0.05868046062707283
162,10.1038_s41392-024-01878-1.pdf,not_met,1.0,-0.05009035548362001,-0.04818203163503299,-0.05009035548362001,not_met,1.0,-0.02511712388402925,-0.028629849953437203,-0.02511712388402925,not_met,1.0,-0.029670577257825972,-0.029012401917355955,-0.029670577257825972
162,10.1038_s41598-021-82539-z.pdf,not_met,1.0,-0.08183044535971015,-0.07991003049228573,-0.04586899724253262,not_met,1.0,0.03622166030273849,0.049352139320703994,0.047199885765301874,not_met,1.0,-0.016908228664125,0.0018358183966640388,-0.01468494703315591
162,10.1038_sj.embor.7400391.pdf,not_met,1.0,-0.020133374926819953,-0.018997704003251598,-0.022347914604350157,met,1.0,-0.07541819812515854,-0.08072227779188008,-0.07486822155714229,not_met,1.0,-0.03752754754569882,-0.07037627196752705,-0.03698514461638421
162,10.1093_emboj_cdg326.pdf,not_met,1.0,0.006871100754721104,0.007091045187815222,0.004086379360424818,met,1.0,-0.05052527807481727,-0.054689330122480936,-0.050461854751066224,not_met,1.0,-0.062232777531525854,-0.06276722473825863,-0.06293490521113909
162,10.1186_s12864-018-5274-9.pdf,not_met,1.0,-0.008112654518586088,-0.021190036477606904,0.001001446109574494,not_met,1.0,0.010087648682452799,0.015552739979176649,0.010764350114067598,not_met,1.0,0.04082540791585204,0.036408011256810376,0.026867433241984387
162,10.1186_s13072-017-0139-z.pdf,not_met,1.0,-0.06740918204907402,-0.06668288059657587,-0.05889872276062168,met,1.0,0.03843519476079774,0.05380587091450408,0.055460658819872125,not_met,1.0,0.00026602840696780296,-0.023062243058834073,-0.0025136289543703297
162,10.3389_fcell.2021.739780_full.pdf,not_met,1.0,-0.03472974252069329,-0.03646811983440402,-0.028615119556850258,met,1.0,0.016776213651446673,0.026082390050815304,0.020959844706403448,not_met,1.0,0.02352780989037794,0.04988780102372921,0.028682799621701463
162,10.3389_fendo.2014.00155_full.pdf,not_met,1.0,-0.018215817177380484,-0.011598510092512511,-0.01587617296192258,not_met,1.0,-0.03956650592427077,-0.032262933584909524,-0.03698418197757743,not_met,1.0,-0.02890511747460546,-0.013133681096721778,-0.02978314688159543
162,www.jneurosci.org_content_29_41_13079.long.pdf,not_met,1.0,-0.035035885276120844,-0.04946835502745764,-0.031035141409355944,not_met,1.0,-0.03862075427992516,-0.017827867639632893,-0.02299174707080884,not_met,1.0,0.0003500110530518744,0.021783196791481597,0.0026296794222218263
162,www.oncotarget.com_article_435_text.pdf,not_met,1.0,-0.02012730976322037,-0.030676621772122842,-0.02012730976322037,not_met,1.0,-0.02100930762654679,-0.01479508181839805,-0.02100930762654679,not_met,1.0,0.01027533390671738,0.016025308941093764,0.01027533390671738
163,10.1186_s13059-021-02322-1.pdf,not_met,1.0,-0.06239538562597903,-0.04339094655182317,-0.02394178620079807,not_met,1.0,0.002319929703661204,-0.02035698394151368,0.025327737362132598,not_met,1.0,-0.014507087635355184,0.00653081078846794,0.041628643481441276
165,www.oncotarget.com_article_3000_text.pdf,not_met,1.0,-0.034036185175107925,-0.03331338081582999,-0.021043570902295545,met,1.0,-0.03144263917417105,-0.03955877277162219,-0.022216970506358395,not_met,1.0,-0.027495480128860265,-0.03576588346751795,-0.027127263040900827
169,10.15252_embj.201489244.pdf,not_met,1.0,-0.05612189046243548,-0.07202552174489649,-0.05099636130577302,met,1.0,-0.0122613690586106,0.015488125321394704,0.0009004240882736613,not_met,1.0,-0.0166556083040277,0.002502744450327339,-0.013674050382849115
173,10.1007_s004270050204.pdf,not_met,1.0,-0.0444416235018916,-0.06900964074056874,-0.041434155760150214,not_met,1.0,-0.0003383509689799287,0.01638686861086774,0.004952336868162023,not_met,1.0,0.0012932077154770485,0.0012720833458911944,0.007717177610287819
174,10.1371_journal.pgen.1004929.pdf,not_met,1.0,0.03851620483607382,0.0389201580732847,0.020729306394560203,met,1.0,-0.008008103516811976,-0.004879854280955328,0.0060311097918834275,not_met,1.0,-0.016982319594821268,-0.0314481998370704,0.014033773228872826
177,10.3389_fnana.2015.00046.pdf,not_met,1.0,0.004708180881536166,0.006393255934102165,0.005528911608923644,not_met,1.0,0.051710552035487065,0.05775151009854202,0.05992701909231071,not_met,1.0,-0.08366473919073605,-0.058213418057508466,-0.07838008361701047
178,www.jneurosci.org_content_28_25_6439.long.pdf,not_met,1.0,0.050040417874061494,0.06616448189775989,0.07695564962921383,not_met,1.0,-0.04216662680378418,-0.020122024545368225,-0.019174261568905518,not_met,1.0,-0.06320408560295318,-0.055565532592042645,-0.044902686087196705
181,10.3389_fnmol.2015.00033_full.pdf,not_met,1.0,-0.007054284589944488,0.008746023828018154,-0.007054284589944488,met,1.0,0.05182536761949684,0.07068420938388578,0.05182536761949684,not_met,1.0,-0.01812251781699787,-0.0016824358939478683,-0.01812251781699787
187,10.1038_s41593-025-02131-w.pdf,not_met,1.0,-0.03261427721882339,-0.01745189360215903,-0.024554084699600753,met,1.0,0.020989673932890286,0.022848589365193663,0.051059600652981735,not_met,1.0,0.014398682518465001,0.022573070234234736,0.029972987076035257
192,10.3389_fphys.2021.620608_full.pdf,not_met,1.0,-0.04474151095193324,-0.01472938418136729,-0.043319071628148166,not_met,1.0,0.024653367412040654,0.02548946700670497,0.0399922920260984,not_met,1.0,-0.05327367434538066,-0.045294373829059834,-0.04644590098482896
200,www.jneurosci.org_content_26_29_7629.long.pdf,not_met,1.0,0.0028222788662093778,0.01383927868582108,0.0148778296608324,not_met,1.0,-0.008725630854639602,0.006594228796360413,-0.004914300561051684,not_met,1.0,0.04558089145970715,0.02328837236947671,0.05234929197186419
205,10.1016_j.ceb.2023.102203.pdf,not_met,1.0,-0.0061138149370175785,0.0049900169060353265,-0.005189046805918921,not_met,1.0,0.025379133153953376,0.012416912839896849,0.04488924494326184,not_met,1.0,-0.02835892267485431,-0.055234608665161014,-0.039962614569346376
205,10.1186_s12944-025-02612-8.pdf,not_met,1.0,-0.023648536331695565,-0.010635045506035794,-0.015559658264965321,not_met,1.0,-0.06793177827132349,-0.05616556879299859,-0.06027906881150151,not_met,1.0,-0.05316951898718052,-0.05347193982512948,-0.036499320982075124
211,10.3389_fnins.2017.00202_full.pdf,not_met,1.0,0.049062987658146304,0.05125379066699279,0.06624606185410692,not_met,1.0,0.04200578217762882,0.046596025728891724,0.03757057389040591,not_met,1.0,0.07688322103472578,0.07460195840225033,0.07890961735741156
217,10.1371_journal.pcbi.1009424.pdf,not_met,1.0,-0.02437149498389694,-0.03312214867776873,0.014941135989350828,not_met,1.0,0.015327333521135477,0.04118090271708163,0.03250606805067504,not_met,1.0,0.02902362539498796,0.05446993101427963,0.07010476475191921
218,10.3389_fnmol.2022.845516_full.pdf,not_met,1.0,-0.07263809844041647,-0.07627693124499745,-0.07263809844041647,not_met,1.0,0.029999014741759936,0.04100663695656065,0.029999014741759936,not_met,1.0,0.013629855847972041,0.010702182383331742,0.013629855847972041
218,learnmem.cshlp.org_content_13_3_241.pdf,not_met,1.0,-0.04891703104503088,-0.04871926930584057,-0.04891703104503088,not_met,1.0,0.009777773286996248,-0.008474047982637607,0.009777773286996248,not_met,1.0,0.05012268994932109,0.046412704614640254,0.05012268994932109
220,10.3389_fnmol.2021.592951_full.pdf,met,1.0,-0.06628104694075257,-0.05750185038503711,-0.05296060924856759,met,1.0,0.0981792296053015,0.10312961093463963,0.12021790740110322,not_met,1.0,0.022772795913598747,0.007913221256570454,0.02928508356760458
222,10.3389_fphys.2018.00031_full.pdf,not_met,1.0,0.025526717826911793,0.00951848727621909,0.023762069240916044,not_met,1.0,-0.006344704541858217,0.006454672705848508,-0.0016614930702010151,not_met,1.0,-0.04180005205455341,-0.010761392735316459,-0.04312927277531408
230,10.1007_978-981-19-8586-7.pdf,not_met,1.0,-0.059973785682236484,-0.05935440119897304,-0.059973785682236484,not_met,1.0,0.06930992408923731,0.06648048348990135,0.06930992408923731,not_met,1.0,0.020533041297837163,0.029522923356425028,0.020533041297837163
231,www.nature.com_articles_srep21907.pdf,not_met,1.0,0.020305205375957914,0.03592765449156904,0.016888750575011515,not_met,1.0,-0.02832897233427744,-0.051935304329406025,-0.009912799775530308,not_met,1.0,-0.0718251714249076,-0.06344067183347593,-0.07283194022687828
232,10.1007_s00239-006-0284-7.pdf,met,1.0,-0.012215204446323475,-0.011685335134629484,-0.005735329734046944,met,1.0,-0.004303443532396158,0.020701369969783525,0.018514089149596943,met,1.0,0.0659133488992395,0.06775666454902282,0.09223918264159
233,10.2741_3360.pdf,not_met,1.0,-0.042729694877482016,-0.044759951582733874,-0.05371274375268861,not_met,1.0,0.02051596113873717,0.029258102035569486,0.017697178976801637,not_met,1.0,-0.04271224013423654,-0.040024414014433476,-0.029315613697052684
233,www.oncotarget.com_article_5108.pdf,not_met,1.0,-0.02496811901813241,-0.03347430451819481,-0.02496811901813241,met,1.0,-0.02532978547643655,-0.028479046764477132,-0.02532978547643655,not_met,1.0,-0.03551647078330919,-0.04675438195508855,-0.03551647078330919
237,www.nature.com_articles_s41467-018-06185-2.pdf,not_met,1.0,-0.06984903021249199,-0.0636087169694573,-0.03381395432268362,not_met,1.0,-0.008339126703985416,0.005909643265400415,-0.012322221516758857,not_met,1.0,-0.0749035783867481,-0.07953764630011846,-0.06761882841983863
240,www.jneurosci.org_content_27_29_7631.long.pdf,not_met,1.0,-0.01302213703203443,-0.009862676398329117,-0.006487815064466544,not_met,1.0,0.00514683481238621,0.008509588751738247,0.01850227074431486,not_met,1.0,0.006266263187723669,0.028536218319151443,0.005060698209523703
240,www.jneurosci.org_content_33_47_18515.long.pdf,not_met,1.0,-0.042179580660912125,-0.03536160837435675,-0.024708444539874422,not_met,1.0,0.04981979988503532,0.05113671507385162,0.05535328683424238,not_met,1.0,-0.0026908847628017373,0.018726680269011163,0.02119002140697496
240,www.jneurosci.org_content_41_18_4060.long.pdf,not_met,1.0,-0.004384300866152668,-0.011246441206646023,0.013516300046406134,met,1.0,0.027463799612425944,0.030841562522434033,0.028562495907476754,not_met,1.0,0.005334653817491504,0.00240586096753464,0.019963657093832323
246,10.1371_journal.pone.0040339.pdf,not_met,1.0,0.05363864231316885,0.05496141784292158,0.05685205854290381,met,1.0,-0.0007034333125036513,-0.011271201879693328,0.020554579062701445,not_met,1.0,0.023943429511096632,0.034991232322593116,0.04940925390205175
246,www.jneurosci.org_content_36_24_6371.long.pdf,not_met,1.0,0.03209063246560613,0.03176567105068802,0.04078503933756049,met,1.0,0.04380551347168332,0.04574123554150847,0.03920574948142454,not_met,1.0,-0.0208608113404661,-0.015252322779838824,-0.02053206294490557
247,10.1007_s11914-023-00846-y.pdf,not_met,1.0,-0.0142259670429027,-0.05789969940916333,0.00335400089416776,not_met,1.0,0.03385343210007207,0.04748201026165809,0.041161731023431486,not_met,1.0,-0.05933771668912707,-0.03830235706190058,-0.053606131703790014
248,10.1038_s41586-026-10267-3.pdf,not_met,1.0,0.07230678151557143,0.06821562875334784,0.09146251647120286,met,0.66,-0.0013986668509579064,0.006786935694816962,0.011285968176687939,not_met,1.0,0.052843138861275306,0.04590895792561128,0.0433408743860146
248,10.1371_journal.pone.0009669.pdf,not_met,1.0,0.005178521081681502,-0.02335280228941601,0.03802022196666301,met,1.0,0.0679564858475136,0.07648814360756996,0.0584194506826511,not_met,1.0,0.04896406917657198,0.029182964880945086,0.04364096616762407
248,10.1523_jneurosci.4188-12.2013.pdf,not_met,1.0,0.06883316277203325,0.07041366473261049,0.08170527122444729,met,1.0,-0.028125560394022052,-0.01851350666248664,-0.0258495196550464,not_met,1.0,0.024058334008630063,0.011654840604205716,0.02891502586935929
248,10.3389_fninf.2016.00041.pdf,not_met,1.0,0.015364477944464872,-0.007697939323363959,0.028995864438753446,not_met,1.0,-0.027009239908235238,-0.003700439082492014,0.016892254797491655,not_met,1.0,0.07613262193461441,-0.03680205288340814,0.09192668128169534
248,www.eneuro.org_content_8_5_ENEURO.0266-21.2021.pdf,not_met,1.0,0.034156833761889716,0.04604872966739017,0.050303216531154486,met,1.0,0.005772939176222271,-0.003923846078396048,0.0298679101367587,not_met,1.0,0.06314452971857577,0.04892568218224226,0.063665147793977
248,www.nature.com_articles_s41598-017-08609-3.pdf,not_met,1.0,0.04142574773407886,0.03947696658586435,0.03391949871821492,not_met,1.0,0.05328569072022918,0.05145303499276041,0.0647792690389502,not_met,1.0,0.006928879258204757,0.012777058852158577,0.011599097044770757
249,10.1371_journal.pcbi.1005155.pdf,not_met,1.0,-0.00494256987983903,-0.019933841601326645,0.0077633596244217635,met,1.0,-0.03826257754355536,-0.018997905660838508,-0.012622572498595216,not_met,1.0,-0.02250520221851262,0.015952128697760994,0.006730600066340899
249,www.jneurosci.org_content_34_16_5583.long.pdf,not_met,1.0,0.05218334495060354,0.06860764644483816,0.059968608191414294,met,0.66,0.013084497610152094,0.008739195646959946,0.022854602025485865,not_met,1.0,0.03621563765292842,0.030048838557989233,0.022164406431465354
250,10.1038_s41586-022-04515-5.pdf,met,1.0,0.05536987822917649,0.044316691036954396,0.05637663973345312,met,0.66,0.07400917750874547,0.09687123498120918,0.08427460811990097,not_met,1.0,0.02038754271762759,0.015888052749973035,0.018035402225014308
250,10.1371_journal.pbio.2004527.pdf,not_met,1.0,0.03698579650865907,0.06877556131287016,0.06208158599081524,met,1.0,0.021028149686213103,0.027951060687271247,0.06748077542214649,not_met,1.0,0.046533701773197454,0.042078859689018755,0.06581616334591842
250,10.1371_journal.pgen.1006884.pdf,not_met,1.0,0.019056242320818532,0.041869293231747,0.01752701454739669,not_met,1.0,0.019809610091703997,0.029782607823733022,0.015298974701858602,not_met,1.0,-0.04144425348023902,-0.05335785476654417,-0.034068198489281276
250,www.eneuro.org_content_5_4_ENEURO.0414-17.2018.pdf,not_met,1.0,0.06363180267886617,0.075188143121898,0.07670623800839646,not_met,1.0,0.02107702826638542,0.013613865699704913,0.011283780920888527,not_met,1.0,0.02551690637212928,0.016448095483855386,0.0243944162447021
250,www.jneurosci.org_content_27_14_3904.long.pdf,not_met,1.0,-0.0016210288148910848,0.022722374852616085,0.013445476751471194,not_met,1.0,0.005843083942435101,-0.010209366396420502,0.012090220297370533,not_met,1.0,0.022384830714374446,0.03902428093450807,0.02324101317674053
250,www.jneurosci.org_content_31_37_13214.long.pdf,not_met,1.0,0.07002292189428555,0.07802932483923102,0.07378012556043033,not_met,1.0,-0.03659208364130429,-0.046009713639735786,-0.030718845992389283,not_met,1.0,0.02261341704952369,0.02826599928847959,0.008352399903151519
250,www.jneurosci.org_content_42_49_9227.long.pdf,met,0.66,0.04882338216571146,0.06116093682427797,0.056044769613924114,not_met,1.0,0.010626979375633245,0.014823713925672182,0.03234343990239165,met,1.0,-0.03769269871878371,-0.004226971369927756,-0.015862654327944845
251,10.1038_srep46699.pdf,not_met,1.0,0.033505521106210155,0.035898657925312875,0.03634049614125803,met,1.0,0.027746064909381963,0.022490547373032348,0.02816682396235683,not_met,1.0,0.015516503158156236,0.014050242983534907,0.00867401827882853
252,10.1007_s12264-021-00675-y.pdf,not_met,1.0,-0.01920003305450531,0.009728516062337805,-0.01920003305450531,not_met,1.0,0.0571796709175537,0.025356951482976668,0.0571796709175537,not_met,1.0,-0.0019297294229505546,0.010919339807078135,-0.0019297294229505546
252,10.1523_jneurosci.2882-08.2008.pdf,not_met,1.0,0.013432187118677278,0.03878862615398035,0.037436951505569555,not_met,1.0,-0.002884480924022532,-0.008508704641015243,0.02000628179664255,not_met,1.0,0.005438078053515852,0.015677366721315054,0.009580371939695062
252,10.3389_fnbeh.2026.1737998.pdf,met,1.0,0.027874542197108228,0.05311886942621797,0.049367136876819234,met,1.0,0.026408399596189503,0.025467869279748825,0.04892865294237854,met,1.0,0.052912826816630024,0.04646388607945665,0.08226545157510698
252,10.3389_fncel.2017.00236_full.pdf,not_met,1.0,0.009812503218933321,-1.9147673463460954e-05,0.017997044059357314,not_met,1.0,0.031702416413496595,0.04560941990780566,0.04512062733220413,not_met,1.0,0.1304004475837488,0.11832018131499168,0.13067267993820045
252,hdl.handle.net_11427_36536.pdf,not_met,1.0,-0.01865005615743149,-0.04452381519832687,-0.010886371899952754,not_met,1.0,0.004536007271177225,0.015617080891357842,0.022735875249797234,not_met,1.0,0.009707668288380466,-0.0027028370721232952,0.026966623987908958
252,www.jneurosci.org_content_28_34_8590.long.pdf,not_met,1.0,0.04576688396591771,0.06164200823655235,0.046624242805164626,not_met,1.0,-0.032852262721809404,-0.025626416103087444,-0.006046444769923713,not_met,1.0,0.06364688136133487,0.04181577724563122,0.09241569132080835
257,www.nature.com_articles_s41598-021-84667-y.pdf,not_met,1.0,0.03811320804682283,0.04031001001906488,0.0385369708752117,not_met,1.0,0.05529493187705068,0.07630915041300317,0.06564628043650267,not_met,1.0,-0.04468866915084721,-0.05681577824662376,-0.042467154834391146
259,hdl.handle.net_1773_36496.pdf,met,1.0,0.0034140605258866745,0.023869467339028103,0.03208427160224789,met,1.0,0.0036815598807052726,0.020386369032579565,0.026670242429584094,met,0.66,-0.04488016310550328,-0.05555973395420166,-0.04514274423903321
265,10.1039_d6sc00250a.pdf,not_met,1.0,-0.011106667884133033,-0.004636494750927653,-0.013649420612685112,not_met,1.0,-0.07919534434516444,-0.07153770771715157,-0.06664249824597746,not_met,1.0,0.04306329837857587,0.0380365662909624,0.038860452378406685
267,10.1186_1756-0500-2-65.pdf,not_met,1.0,0.005389356266261036,-3.6614682796039244e-05,0.022575054280878238,not_met,0.66,-0.07179505515359522,-0.054486640216105955,-0.06767072257456974,not_met,1.0,-0.04267246985390105,-0.05189713624025447,-0.050249266248911253
275,10.1007_s00441-020-03389-1.pdf,not_met,1.0,0.052316540177958025,0.07067350881603704,0.053969331131197146,not_met,1.0,0.046734196020405655,0.028067963459884562,0.044193463651173916,not_met,1.0,0.034294474287819614,0.047069921376220486,0.03406083140044291
275,10.1111_ejn.12558.pdf,not_met,1.0,0.046147219229884635,0.027168385625023828,0.08113039294193714,not_met,1.0,-0.009742928909464946,0.0015874305893316173,-0.011810944469657601,not_met,1.0,0.047892690907610315,0.04070650163540071,0.02962144996098527
275,10.1371_journal.pbio.0060125.pdf,not_met,1.0,0.06688174045220571,0.07349618778672778,0.08769024692601467,not_met,1.0,-0.06680837649552554,-0.03030431018628596,-0.04835660304981924,not_met,1.0,0.016730387390982496,0.01443421220806955,0.00698269812966152
275,10.1371_journal.pcbi.1005870.pdf,not_met,1.0,0.04241147940987558,0.06569388183449111,0.08334254169964977,not_met,1.0,-0.006433708978749352,-0.0005010020825227824,0.020471923084670544,not_met,1.0,0.02351989200956494,0.018038514771980617,0.03621054993767808
275,10.3758_BF03209343.pdf,not_met,1.0,0.1420443606740322,0.14493499499961138,0.1470853261923913,not_met,1.0,-0.03579143750170581,-0.052834536235752114,-0.03400469470574766,not_met,1.0,0.07236872296631464,0.06411577022513461,0.07330940913916068
275,www.eneuro.org_content_8_5_ENEURO.0070-21.2021.long.pdf,not_met,1.0,0.1285666790923426,0.13604504079564791,0.13473280788272468,not_met,1.0,-0.021067148884695398,-0.023374816483201312,-0.019278772973777433,not_met,1.0,-0.03721219505837672,-0.07758322827723327,-0.0643466704496848
275,www.jneurosci.org_content_30_27_9017.long.pdf,not_met,1.0,0.1066060950375814,0.10704716702293066,0.12562919463216204,met,1.0,-0.06903964822541821,-0.03456581453639812,-0.055803778396661334,not_met,1.0,0.008063282457316728,0.008634483435983557,0.012124008328373785
275,www.jneurosci.org_content_33_25_10568.long.pdf,not_met,1.0,0.10651325908955431,0.10103723141763593,0.11198509075790086,not_met,1.0,0.0008415257170920169,-0.008620544198027961,0.008171884758274444,not_met,1.0,-0.007554688155478316,0.003001541513258139,0.012899716822582702
275,www.jneurosci.org_content_34_3_941.long.pdf,not_met,1.0,0.06046574945796494,0.07945241387814973,0.07121302498327549,met,1.0,0.015618265041703874,0.022953216709155694,0.01846062525996301,not_met,1.0,0.029213053521584886,0.02075951168675045,0.05651178589219327
276,10.1007_s00359-011-0696-8.pdf,not_met,1.0,0.02217983367698948,0.05524528697305116,0.039759172064028625,not_met,1.0,-0.020784016197504973,-0.018247225487893887,0.011457045147008528,not_met,1.0,0.019479060821809606,0.024280871670993617,0.007870381058103802
276,www.jneurosci.org_content_35_11_4515.long.pdf,met,1.0,0.08860897551850515,0.09915921510857881,0.10248706417972156,met,0.66,-0.054105135392713916,-0.032120723173403726,-0.05632235843502849,met,1.0,0.022134773737263386,0.009194094282642427,0.02424060661114221
276,www.nature.com_articles_s41598-021-90400-6.pdf,not_met,1.0,0.08064331214618406,0.07877464862070065,0.10642925819244936,met,1.0,-0.029433768913762627,-0.030195903019685298,-0.009144806341423558,not_met,1.0,0.0005225451563712798,0.009897742597665866,-0.004053552636289599
280,10.3389_fpsyg.2018.02534_full.pdf,met,1.0,0.013397846707072216,0.011828724687343589,0.014464469163063175,not_met,1.0,0.010240780596261377,0.024311212070079982,0.025836962152145808,not_met,1.0,0.01610470157562561,0.05295855848783972,0.05228151602996991
283,10.3389_fendo.2018.00587_full.pdf,not_met,1.0,-0.011032687012894877,-0.01830264341395611,-0.012750708784924215,not_met,1.0,-0.02220646277767556,0.004556479640259565,-0.018098844210143156,not_met,1.0,-0.0117387551376485,0.014397781123937529,-0.026607051586577224
287,10.7554_eLife.87099.pdf,not_met,1.0,-0.044958263085127605,-0.0424577793308786,-0.038205164881306125,not_met,1.0,0.020277018126483116,0.021342297871105247,0.033443949184475824,not_met,1.0,0.03118863086478862,0.030130593023085874,0.04053201017311966
288,10.3389_fmed.2025.1504736.pdf,not_met,1.0,-0.07466365769076673,-0.07413642567794015,-0.06480088172039142,met,1.0,-0.016843855504108794,-0.0008762730457944363,0.006220093840998609,not_met,1.0,-0.03000476059759662,-0.009236184046788842,-0.030013124951303177
292,10.1038_s42003-024-06206-5.pdf,not_met,1.0,0.045151550695839905,0.04596520163933142,0.06556833906026116,met,1.0,-0.013107749411808629,-0.016154097532502146,-0.00901023912005342,not_met,1.0,-0.05775518983287997,-0.07336004111445533,-0.049133457986565716
293,10.3389_fncel.2020.00254.pdf,not_met,1.0,-0.03647652599648552,-0.021563955234784233,-0.03560230209780612,not_met,1.0,-0.008392729917483964,0.006894455812598907,0.01074183874252912,not_met,1.0,-0.07088406096035567,-0.060473952516042206,-0.051217121251637174
299,erc.bioscientifica.com_view_journals_erc_17_3_589.xml.pdf,not_met,1.0,-0.0050579521819484295,-0.01438638626350902,0.0038103455578039117,not_met,1.0,-0.005946126887354753,0.0015074928871985443,-0.005264551077665982,not_met,1.0,-0.04356798363440086,-0.05996099071970099,-0.028893416016646085
308,10.3389_fnmol.2014.00069_full.pdf,not_met,1.0,-0.051261775897649374,-0.05809625251014559,-0.05373534208183906,not_met,1.0,0.011122016019200456,0.01599373148063367,0.004470460446909467,not_met,1.0,0.0048093170389512455,0.021539864078287507,0.003658148309860485
311,10.21203_rs.3.rs-5333191_v1.pdf,not_met,1.0,-0.07554763110378421,-0.07738141978970137,-0.044211323251079904,not_met,1.0,0.013646916807523281,0.03245300075147873,0.02865570007961774,not_met,1.0,0.005823310763703668,-0.008741278083374378,0.017416619766501395
312,10.1038_s41592-026-03086-x.pdf,not_met,1.0,-0.012452783668081089,-0.01836926177365946,0.020191578316756633,not_met,1.0,-0.05228385337797642,-0.05986189106278367,-0.036291187003542766,not_met,1.0,0.003289093288676272,0.028279944359963206,0.010652793620992914
313,10.1371_journal.pone.0125098.pdf,not_met,1.0,-0.0385918544873464,0.0035154021694805797,-0.011440783513365426,not_met,1.0,-0.01586225035911626,-0.013759906892808083,-0.006515250509466658,not_met,1.0,-0.09598222915261521,-0.02465160471547063,-0.08878857423392847
314,10.15252_msb.202311587.pdf,not_met,1.0,-0.0366948249013728,-0.02426432698970213,-0.0366948249013728,not_met,1.0,-0.0062246102469865955,-0.01914536956497518,-0.0062246102469865955,not_met,1.0,-0.10044704897386478,-0.10950345079682754,-0.10044704897386478
315,10.1186_s12915-024-01849-6.pdf,not_met,1.0,-0.041816700223445184,-0.055378388426327516,-0.0264913437557936,not_met,1.0,0.031313470807862454,0.04558889020368806,0.04061783113128889,not_met,1.0,-0.0038974311186430904,-0.018431357679350443,-0.004324504928978607
325,10.1371_journal.pone.0213278.pdf,not_met,1.0,-0.015421457219613811,-0.010996910863479743,-0.011445598053749381,met,0.66,-0.004805558163908159,0.010645643371836334,0.011650834888132351,not_met,1.0,-0.04234241660137707,-0.045765437737318886,-0.036519903731171914
327,10.1186_s12943-021-01488-3.pdf,not_met,1.0,0.006331678031697834,-0.010048605549442763,-0.0003568618264046322,not_met,1.0,-0.0349709236629581,-0.026134174770762124,-0.011737485330979035,not_met,1.0,-0.010106923479471876,0.0072878715751468325,-0.01460163573864693
329,10.1038_emboj.2009.180.pdf,not_met,1.0,-0.02532975440489662,-0.03490589077683194,-0.02532975440489662,not_met,1.0,-0.014625196058172411,-0.027201067863528286,-0.014625196058172411,not_met,1.0,0.001046128797157376,0.004142467259509725,0.001046128797157376
329,www.nature.com_articles_cr201014.pdf,not_met,1.0,-0.009669131042472901,-0.007289564956394457,-0.009669131042472901,met,1.0,-0.020400115986167068,-0.03669019015035519,-0.020400115986167068,not_met,1.0,-0.026542024093315006,-0.015584517864294826,-0.026542024093315006
331,10.1371_journal.pcbi.1000977.pdf,not_met,1.0,0.026872361416805046,0.044822570445274414,0.0316057818154055,met,1.0,0.009627450278855951,0.003349848417458786,0.011884887870455635,not_met,1.0,0.04285315842216554,0.01400237498839803,0.03914747473713615
331,10.1371_journal.pcbi.1005148.pdf,not_met,1.0,0.05710554401405182,0.046037674099120025,0.07491680929013983,met,0.66,0.024844922367022827,0.026668906813501855,0.034395987643704634,not_met,1.0,0.06326179255549978,0.08314855455643189,0.08119287087109084
331,10.3389_fncel.2022.1018229.pdf,not_met,1.0,0.013838476653624941,0.04410378485744214,0.013838476653624941,not_met,1.0,0.041367345933134556,0.04787989356084085,0.041367345933134556,not_met,1.0,0.05487283998418377,0.06561279334124306,0.05487283998418377
331,www.jneurosci.org_content_32_41_14402.long.pdf,not_met,1.0,0.008271378634462988,0.019231718737975245,0.030633475221616403,not_met,1.0,-0.028150118541412323,-0.033145915933463985,-0.021515737943161375,not_met,1.0,-0.03749946746128827,-0.024022189420631508,-0.038192070343543105
333,10.1038_s41422-023-00851-x.pdf,not_met,1.0,0.0019959863726831967,0.008193182314317414,0.0019959863726831967,not_met,1.0,0.05040695157283423,0.06417399103552741,0.05040695157283423,not_met,1.0,0.0009511226510679639,0.008953065771580383,0.0009511226510679639
333,10.3389_fimmu.2026.1749911.pdf,not_met,1.0,-0.04072354916092965,-0.009817306801476647,-0.014698494364741544,met,1.0,0.05467285276421503,0.07286061694575649,0.05764739631925571,not_met,1.0,-0.04667041071960876,-0.03728410157923378,-0.028509625383341532
334,10.15252_embj.201592655.pdf,not_met,1.0,-0.012409371066867035,-0.021876554423156776,0.0055635446413819616,met,1.0,0.0020700320566739584,0.03761977239972072,0.02028216581211385,not_met,1.0,0.026106191077712136,0.03365454011135721,0.04057491333319574
338,10.1038_s12276-025-01633-8.pdf,not_met,1.0,-0.028546090793355024,-0.011410903866543453,-0.024916463289147893,not_met,1.0,-0.017585026711675153,-0.0011111387256104764,0.016202429051101596,not_met,1.0,0.04911505591484403,0.08603379773494527,0.049798458770059714
338,10.1038_s41392-024-02056-z.pdf,not_met,1.0,-0.03575713162600556,-0.04115046504830725,-0.03575713162600556,not_met,1.0,0.04380117131830015,0.033473702830089984,0.04380117131830015,not_met,1.0,-0.026587212463907325,-0.020158457842367267,-0.026587212463907325
338,10.3389_fimmu.2025.1563150.pdf,not_met,1.0,-0.060249914430605185,-0.03057817385037987,-0.052319839191499115,met,1.0,0.06354555102510862,0.04793684152327482,0.09032720544935899,not_met,1.0,-0.018899386721739752,0.012838170031871958,-0.00304017927011368
340,10.1371_journal.pcbi.1010859.pdf,not_met,1.0,-0.011435116604889559,-0.0059118614191797595,-0.010696827971398318,not_met,1.0,-0.0327991332550382,-0.022331903456711828,-0.017645313978806636,not_met,1.0,-0.023778734644586248,-0.005797316667142694,-0.021401310726758337
340,10.1371_journal.pgen.1002910.pdf,not_met,1.0,-0.027016468751861995,-0.037520128777802225,0.005511707654885356,not_met,1.0,-0.04498295948003406,-0.036039738189882736,-0.039352503946675665,not_met,1.0,-0.029454594298721395,0.01223370759797962,-0.020081166407966304
340,10.1371_journal.pone.0057286.pdf,not_met,1.0,-0.03517286426842435,-0.03770878887585735,-0.033802584422876245,not_met,1.0,-0.021573708804676836,-0.02524664226537635,-0.013689119625084274,not_met,1.0,-0.025780797627361518,-0.008357332035489464,-0.013611186590545913
354,10.3389_fimmu.2026.1779543.pdf,not_met,1.0,-0.06065796368818445,-0.049385767701998526,-0.03774497811158187,not_met,1.0,-0.043629774366538546,-0.0213033321085061,-0.01930559442417044,not_met,1.0,-0.06821994001673434,-0.039188133034331774,-0.05659368331315839
355,10.3389_fnsyn.2016.00034.pdf,not_met,1.0,0.0024117632305342427,0.009340597845403448,0.009119454817353562,not_met,1.0,0.009822028000700382,0.030800383296285646,0.011185283755271802,not_met,1.0,-0.004750422673383402,0.014356719185101539,-0.011823040638991426
362,10.1371_journal.pcbi.1010715.pdf,not_met,1.0,0.014116811124443698,0.03423293656852334,0.020930134623567645,met,1.0,-0.022156874177338453,-0.00294090679865394,0.014639388928445466,not_met,1.0,-0.02140702383612333,0.0016595918140844901,0.0054938125868576534
362,www.nature.com_articles_s41467-017-01908-3.pdf,not_met,1.0,0.053894989452338095,0.04696802447654424,0.0860591867220224,not_met,1.0,0.07092054389967681,0.08239023821146016,0.06574041117482671,not_met,1.0,-0.020110616989701912,-0.016093003411584345,-0.02792374349821617
363,10.3389_fpsyg.2013.00422_full.pdf,not_met,1.0,-0.001434981743111241,0.0014093758094806327,0.012701296445853244,met,1.0,-0.028961168769394263,-0.022612937209243855,-0.009002807437873931,not_met,1.0,0.020158546190299106,0.031946201745178246,0.027581770449004978
364,10.1038_s44318-026-00743-x.pdf,not_met,1.0,-0.027264457967363584,-0.02218315534065892,-0.027264457967363584,not_met,1.0,0.03141413854265573,0.02234289355939264,0.03141413854265573,not_met,1.0,0.008282656485523572,0.011601673624201291,0.008282656485523572
367,10.1038_emboj.2009.397.pdf,not_met,1.0,-0.015392158182044023,-0.027877434454633723,-0.017440329329690397,not_met,1.0,-0.039180243515851754,-0.04648268140593544,-0.03887692234347542,not_met,1.0,-0.010793952380498566,-0.01296486420565502,-0.03636411010647628
367,10.1038_s41467-020-16673-z.pdf,not_met,1.0,-0.04264210437912891,-0.02482827135615449,-0.04230628521159717,not_met,1.0,-0.04005328254564337,-0.058814388397579825,-0.02378267185791171,not_met,1.0,0.048374397316832775,0.04239391001823748,0.0720073970513832
367,10.1371_journal.pbio.0030158.pdf,not_met,1.0,-0.03373166258259881,-0.0232042255206562,-0.03202977827836703,met,1.0,-0.04107235107766697,-0.01652584242371923,-0.026557803985938946,not_met,1.0,0.05251154526996466,0.06769500254993739,0.050111686468209155
367,10.3389_fpls.2012.00018_full.pdf,not_met,1.0,-0.006892113959679377,0.008808876748005111,-0.0009412827125769487,not_met,1.0,-0.036726224292085816,-0.020240131907138654,-0.001376181378858708,not_met,1.0,0.06754436639722214,0.081677237687766,0.07395223613733615
375,10.1007_s00418-016-1521-9.pdf,not_met,1.0,0.005979028876983622,0.015207600244602616,0.011902602649579727,met,1.0,0.015858340086973146,0.009047541604825692,0.015747568157690555,not_met,1.0,0.019855440875845662,0.0014532604549305555,0.014563361036377252
375,10.1055_s-0038-1676968.pdf,not_met,1.0,0.017602448194729718,0.029687245753831193,0.01569846379138054,met,1.0,0.004032498801650375,0.0011146711714027698,-0.0013314612217784384,not_met,1.0,-0.004285543358208536,-0.05222298377914686,-0.0220111849922289
375,10.1089_omi.2019.0220.pdf,not_met,1.0,-0.01044278609372355,0.008999690297035802,-0.00148058747777975,not_met,1.0,0.012206028421195735,0.05291802247123073,0.03728443981278309,not_met,1.0,0.007675436267411122,-0.01895340838052873,0.033712888776048264
375,10.3389_fimmu.2015.00025_full.pdf,not_met,1.0,0.0027420584515943027,0.005658903429530464,0.0033698429494143506,not_met,1.0,-0.0383632810501722,-0.04576860606095318,-0.03787937424536812,not_met,1.0,-0.07366601796756772,-0.06318783270088862,-0.05951078934855508
375,10.3389_fpls.2021.640919_full.pdf,not_met,1.0,-0.03112371102301601,-0.014460974057190622,-0.021202241029528033,not_met,1.0,-0.02546629820347956,-0.01315164261808291,-0.012051317616124654,not_met,1.0,-0.028076974738682918,-0.03144362983306434,-0.01577368822945955
375,www.jstage.jst.go.jp_article_ahc_54_2_54_21-00017__article.pdf,not_met,1.0,0.022284261461775527,0.01677181703115673,0.03526523208068199,met,1.0,-0.006324905729724921,-0.008971090470459268,0.01774176057447565,not_met,1.0,0.011741111439747497,-0.002274353699165047,0.026513806557909744
376,10.3389_fmolb.2021.671458_full.pdf,not_met,1.0,-0.0407088149886627,-0.04831017914675453,-0.026264178718868506,met,1.0,-2.811595995935029e-05,0.010994210480118092,0.005350423907164804,not_met,1.0,-0.06332027972031212,-0.05662777932166295,-0.05241733239701285
381,10.1007_s12264-020-00578-4.pdf,not_met,1.0,-0.02306126124498547,-0.015367847153162422,-0.021556512570722653,not_met,1.0,0.02568595236677106,0.04583225897195299,0.03746055946672693,not_met,1.0,-0.018292236528240646,-0.018130875556041898,-0.020303744753941366
384,10.1371_journal.pcbi.1001008.pdf,not_met,1.0,-0.006796559631557747,-0.008708136452284077,0.0014916693210529413,met,0.66,-0.02262743580009114,-0.018551626577143154,0.008161018932004029,not_met,1.0,-0.0041134498183850385,0.008097961688924408,0.003912393905568828
385,10.1186_s12868-024-00847-2.pdf,not_met,1.0,0.005649472006709498,0.011694215553880151,0.030690807814723668,met,1.0,0.004269080349918827,-0.0033231063260857094,0.016104547751961313,not_met,1.0,0.026771044595952413,0.0007974910841613767,0.030624940563706272
390,10.3389_fnbeh.2015.00240_full.pdf,not_met,1.0,0.037992257288853026,0.05954122801693254,0.05119394331048155,not_met,1.0,0.04094410319716743,0.02497927311193698,0.04923317175102017,not_met,1.0,-0.06332288398027662,-0.04240460207216071,-0.062396797224231346
401,10.1038_msb.2009.88.pdf,not_met,1.0,-0.023908103594172614,-0.012226285903145706,-0.023908103594172614,not_met,1.0,0.0011200025508697978,-0.0055764613062956585,0.0011200025508697978,not_met,1.0,0.028052701459612597,0.03192800046466842,0.028052701459612597
401,10.1038_msb.2009.97.pdf,not_met,1.0,-0.01644310410097046,-0.023305383434285155,0.0051333062304600545,met,0.66,-0.05001735689730204,-0.03230202379212181,-0.04849964734570543,not_met,1.0,0.024809694399776462,0.03663806438707233,0.029753568384866733
403,www.nature.com_articles_s41467-022-34664-0.pdf,not_met,1.0,-0.0342718322437561,-0.04113727256683291,-0.044100971972717146,not_met,1.0,0.006816169099543457,0.010361717298476559,0.010929647341847384,not_met,1.0,0.01985782404164994,0.04276656398954862,0.013936795116039232
407,10.1038_s41467-023-40354-2.pdf,met,1.0,0.0055903925297912105,0.010342499732094144,0.030478315469527117,not_met,1.0,-0.03537895100130471,-0.014787419629930342,-0.008547533111188553,not_met,1.0,-0.09326490962591787,-0.07689212517158536,-0.03720709637060872
407,10.1186_s12863-020-0812-2.pdf,not_met,1.0,-0.024405939498238192,-0.03061889771312442,-0.019685909313205244,met,1.0,-0.005598807990443365,-0.007790775371121623,0.010226612414675611,not_met,1.0,0.01777057332631957,0.04920072489865793,0.032893359446811855
407,10.17615_m4jw-xk46.pdf,not_met,1.0,-0.0414666980420468,-0.026976650574222903,-0.0414666980420468,met,1.0,0.00764727735751299,0.021092304239606383,0.00764727735751299,not_met,1.0,-0.03546981833832979,-0.04343432025468784,-0.03546981833832979
407,10.3389_fmicb.2024.1415100.pdf,not_met,1.0,-0.034051532659352096,-0.026606900737499366,-0.03038216964347321,met,1.0,0.05914847232592871,0.06057762321187181,0.06558118259419843,not_met,1.0,-0.008178029482371004,0.011085298080234172,-0.008354298315491867
409,10.1038_s44385-025-00032-y.pdf,not_met,1.0,-0.000885440456846443,-0.001757181694869111,0.004834290189137783,not_met,1.0,0.013120637860121513,0.020695787183222923,0.027753023080467416,not_met,1.0,-0.050632941401007006,-0.04709538149078221,-0.04368429884516067
411,10.3389_fimmu.2019.02648_full.pdf,not_met,1.0,-0.0010167525910852356,0.009758945464286203,0.0017319079103006643,not_met,1.0,-0.027302055103611313,-0.013541157983147116,-0.022347576920626586,not_met,1.0,-0.04690086962633739,-0.025588284913043217,-0.05398984347911018
411,10.3724_abbs.2025232.pdf,not_met,1.0,-0.02909321337055843,-0.040607334019258985,-0.029359491959288577,not_met,1.0,0.035810481535920716,0.02015033854942409,0.036945968632722544,not_met,1.0,-0.03452213944553959,-0.04077991689958427,-0.026233734616927774
424,10.1007_s00422-023-00956-x.pdf,not_met,1.0,0.08080186751630299,0.0763751773036573,0.08149644356033513,not_met,1.0,-0.00130301521861503,0.016213650013296717,0.0037943619001514703,not_met,1.0,0.036329906878733886,0.04122951926692893,0.04901755234998803
424,10.1088_1741-2552_ab6cb8.pdf,not_met,1.0,0.05748973984132979,0.06844885679939923,0.059317232541321915,not_met,1.0,0.03045109267926658,0.023592860148117584,0.02528837171005485,not_met,1.0,0.05226793822264619,0.017130857197544126,0.04208763449913134
424,10.1371_journal.pcbi.1002536.pdf,not_met,1.0,0.05730377389201604,0.044447126213259566,0.0647272938220352,met,1.0,-0.04332373398667628,-0.03940857247834708,-0.03073261223197746,not_met,1.0,0.04822866712654876,0.0353164859313574,0.047814103158518764
424,10.1371_journal.pcbi.1008457.pdf,not_met,1.0,0.0629687054330375,0.06181541702730805,0.0644733258292301,not_met,1.0,0.03814634641954792,0.02523339275791198,0.03935612592718013,not_met,1.0,0.03510413973835721,0.030533496206667822,0.029424538307300206
424,10.1371_journal.pone.0002173.pdf,not_met,1.0,0.007432216223044706,0.0071880874741212155,0.023972819273993647,not_met,1.0,0.005446750981876776,-0.011377866551406829,0.02330007615560748,not_met,1.0,0.046229309338723906,0.04708366024724288,0.054159629561852475
424,10.1371_journal.pone.0003781.pdf,not_met,1.0,0.04372143218942898,0.048072517888706506,0.044179154372924176,met,1.0,-0.021904958870442595,-0.03192959585467307,-0.01966466420346369,not_met,1.0,0.021677119974095896,0.02444721040404952,0.017556579369552214
424,10.1371_journal.pone.0164020.pdf,not_met,1.0,0.05455770900053676,0.05455253977332201,0.05505361774834951,not_met,1.0,-0.001359113251866155,0.012274916521548692,0.0010863976256435936,not_met,1.0,0.05130874345961617,0.055818589054731665,0.0505513795874836
424,www.jneurosci.org_content_27_9_2338.long.pdf,not_met,1.0,0.08361731051376362,0.09020924374995934,0.10455722784168633,not_met,1.0,-0.06830630860770603,-0.0668631221271746,-0.007573666712374661,not_met,1.0,0.01986519148637885,0.005171269250081033,0.030643759967071096
424,www.nature.com_articles_ncomms15471.pdf,not_met,1.0,0.05720175048252181,0.05622105968358016,0.06517819032921482,not_met,1.0,-0.024655248931899625,-0.015467724614154535,0.005579598953518464,not_met,1.0,0.07345121156261104,0.07572204697846874,0.067553308039795
424,www.nature.com_articles_s41467-019-13592-6.pdf,not_met,1.0,0.028607556093872444,0.008154822216869938,0.04783538953990478,not_met,1.0,0.00368292656309895,0.011781143014901303,0.014991832695769761,not_met,1.0,0.04850241446201234,0.07036698790589506,0.0856853104851438
424,www.nature.com_articles_s41467-021-27892-3.pdf,not_met,1.0,0.03228918432775228,0.04041137297312912,0.037966618211133604,met,1.0,-0.01851583029172619,-0.025933028327089234,0.013929078329605462,not_met,1.0,0.024913887069111122,0.028409188467332508,0.035348768674315044
424,www.nature.com_articles_s41598-021-02939-z.pdf,not_met,1.0,0.004042553945593982,0.003413440681179849,0.008918405549136605,not_met,1.0,-0.016520427833627872,-0.004143397724363767,0.016430263448466764,not_met,1.0,-0.002472302376725451,-0.002916159968015878,-0.007759115431104529
428,10.1371_journal.pgen.1003076.pdf,not_met,1.0,-0.019774799627624986,0.009163473057994647,-0.008494636602142464,met,1.0,0.01604033594351753,0.005758965549926664,0.016621994616931552,not_met,1.0,0.02347796934964895,0.02928884652789575,0.027143138593556184
432,10.18632_oncoscience.606.pdf,not_met,1.0,0.00021955629191055962,-0.026717193837987117,0.005225035605067022,met,1.0,0.005672290587603632,0.018461227633437487,0.005105549262458748,not_met,1.0,0.02612583051758889,0.026093062696401267,0.03765803816257303
432,10.3389_fonc.2024.1288724.pdf,not_met,1.0,-0.04853892970060936,-0.03677959935593578,-0.041221344678280016,met,1.0,0.002203011241003529,0.013288244028564617,0.0005254072478598805,not_met,1.0,0.005473509206157492,0.019815313644206856,0.00782879783981656
433,10.1007_s12079-009-0039-5.pdf,not_met,1.0,-0.027378332317698144,-0.030554011055931554,-0.027378332317698144,not_met,0.66,-0.0005013270252796596,0.005443218515870435,-0.0005013270252796596,not_met,1.0,-0.01795865229580007,-0.011812286590762482,-0.01795865229580007
433,10.1038_emboj.2011.389.pdf,not_met,1.0,-0.020215189828330506,-0.022390505636546914,-0.020215189828330506,not_met,1.0,0.010708152500933602,0.0005049914562040569,0.010708152500933602,not_met,1.0,-0.049468371062630107,-0.04581232691071798,-0.049468371062630107
433,10.1261_rna.043208.113.pdf,not_met,1.0,-0.0759697328256642,-0.08967446123880445,-0.07574681184506972,not_met,1.0,-0.0030417725249401333,-0.010738108538162263,0.0071134308033094975,not_met,1.0,-0.05561626445173132,-0.06150961637454891,-0.03972162978127009
433,10.1523_jneurosci.0499-10.2010.pdf,not_met,1.0,-0.035036184834128736,-0.037194180511443735,-0.026574748431894425,met,1.0,-0.00799880758399502,0.00015425641566785275,-1.3503363203834842e-05,not_met,1.0,-0.05535079921969384,-0.05576754576149492,-0.04285749717057008
433,10.1523_jneurosci.2387-10.2011.pdf,not_met,1.0,-0.028967538077696444,-0.022132241042863373,-0.016416317670895585,not_met,1.0,-0.004753166017178026,0.020324549835612937,0.02651020698939774,not_met,1.0,-0.03465093334607901,-0.03300678445609519,-0.01996871774084327
